﻿<?xml version="1.0" encoding="utf-8" ?>
<images>
  <image>
    <filename>image1.png</filename>
    <description>Global</description>
  </image>
  <image>
    <filename>image2.png</filename>
    <description>Bird</description>
  </image>
  <image>
    <filename>image3.png</filename>
    <description>Key</description>
  </image>
  <image>
    <filename>image4.png</filename>
    <description>Flower</description>
  </image>
  <image>
    <filename>image5.png</filename>
    <description>Facebook</description>
  </image>
</images>

    